language,primary contributor,filename,blank,comment,code,"http://cloc.sourceforge.net v 1.64  T=0.09 s (391.7 files/s, 42129.4 lines/s)"
C++,chunmook.kim,PlatformControl.cpp,20,8,204,
C++,junwoo.seo,Player.cpp,33,17,165,
C++,chunmook.kim,Level3.cpp,41,17,149,
C++,sungmin.moon,Level7.cpp,29,9,136,
C++,chunmook.kim,Level4.cpp,30,11,136,
C++,chunmook.kim,Level2.cpp,30,14,131,
C++,sungmin.moon,Tutorial.cpp,21,2,128,
C++,chunmook.kim,Level5.cpp,30,9,127,
C++,sungmin.moon,Level8.cpp,31,20,125,
C++,chunmook.kim,Level6.cpp,31,9,124,
C++,junwoo.seo,Bullet.cpp,7,9,96,
C++,junwoo.seo,Gun.cpp,14,14,92,
C++,sungmin.moon,MainMenu.cpp,18,22,91,
C++,chunmook.kim,Helper.cpp,16,8,90,
C++,chunmook.kim,Level1.cpp,26,11,76,
C++,junwoo.seo,Button.cpp,8,12,53,
C++,junwoo.seo,Paint.cpp,5,8,53,
C++,sungmin.moon,Credits.cpp,18,10,50,
C++,junwoo.seo,Level_Test.cpp,6,9,50,
C++,sungmin.moon,SplashScreen.cpp,8,9,43,
C++,sungmin.moon,HowToPlay2.cpp,9,14,40,
C++,chunmook.kim,Clear_Level.cpp,16,18,37,
C++,sungmin.moon,HowToPlay1.cpp,7,9,33,
C++,junwoo.seo,PaintBall.cpp,4,8,32,
C++,junwoo.seo,ColorChangePlatform.cpp,8,8,28,
C++,junwoo.seo,PauseMenu.cpp,4,8,27,
C++,chunmook.kim,Destination.cpp,4,8,27,
C++,junwoo.seo,Platform.cpp,3,8,27,
C++,junwoo.seo,MouseUtility.cpp,3,8,24,
C++,chunmook.kim,SoundControl.cpp,7,8,19,
C++,junwoo.seo,PauseState.cpp,5,11,17,
C++,junwoo.seo,Color.cpp,1,8,13,
